id,Tg,FFV,Tc,Density,Rg
1109053969,152.11236572265625,0.3692752718925476,0.21419978141784668,1.142369270324707,22.52883529663086
1422188626,178.52264404296875,0.3798500597476959,0.237408846616745,1.1396163702011108,21.451200485229492
2032016830,98.5931396484375,0.35692697763442993,0.28007209300994873,1.1050986051559448,19.012813568115234
