id,MolWt,HeavyAtomCount,TPSA,MolLogP,NumRotatableBonds,FractionCSP3,RingCount,NHOHCount,NOCount,LabuteASA
1109053969,540.4630000000001,39,43.18000000000001,7.360300000000005,8,0.1034482758620689,4,0,4,219.0891687008876
1422188626,510.5890000000002,39,52.6,7.284500000000008,9,0.0857142857142857,5,0,4,227.71531369752648
2032016830,586.6440000000002,44,93.22,6.187500000000008,13,0.2222222222222222,6,0,8,255.15320351639016
